video_id,title
gB2Z28eYw80,Ex-topsporter slankt 25 kilo af op 1 jaar &amp; behoud dit gewicht al 3 jaar | SkinnyLove Testimonial
yZIdLuB_7ec,"-2,5kiloooh op 10 dagen üò±  |  SkinnyLove Testimonial"
04wMLbfmqKo,"Man vertelt hoe hij 7,5kg kwijt is op 3 weken tijd dankzij SkinnyLove |  SkinnyLove Testimonial"
O0Jh0GbAy0g,Van -34 naar -40 kilo op nog geen maandüò±dankzij Winter chocolate en Holiday booster üí™|  Testimonial
9B127yDiQ0w,Wendy heel haar leven geconstipeerd- dankzij SkinnyLove na 1week geen opgeblazen gevoel| Testimonial
HV5OjUw92J0,"Linda verteld haar verhaal - zelfs met cortisone 37,50kg afgevallen dankzij SkinnyLove | Testimonial"
J4Lmpib7LPg,Dame verteld haar verhaal -18kg kwijt op 6maanden tijd met traag werkende schildklier |  Testimonial
h1WHR90lpj0,-16kg afslanken in de menopauze met SkinnyLove |  SkinnyLove Testimonial
P0sTP_yxlGQ,Afslanken met SkinnyLove met een trage schildklier ‚¨ÜÔ∏è  |  SkinnyLove Testimonial
v3ZQGGxeD60,SkinnyLove menopauze -9kg üí™  |  SkinnyLove Testimonial
A0MB-EzKBqE,SkinnyLove Relax - mijn momentje - zalig üíõüíö  |  SkinnyLove Testimonial
UOxa0KUre5w,Wendy uit Beveren- terug slank en 22 kilo afgevallen dankzij SkinnyLove - zonder dieet | Testimonial
4fikDBIlXgY,SkinnyLove crackers gezond voor iedereen!  |  SkinnyLove Testimonial
fNjsA_1YGfE,28jarige dame slankt 8kg af en blijft gezond gewicht behouden al 2 jaar! üí™ |  SkinnyLove Testimonial
QBa0QVL2i8c,Relax is de Maxüëç Man verteld zijn verhaal over de Relax |  SkinnyLove Testimonial
zaXcUokNqM8,8kg afvallen op 2 maand tijd üí™üò±  Jongeman vertelt zijn verhaal |  SkinnyLove Testimonial
VU2NqtnawWM,SkinnyLove werkt! -5kg tijdens de Menopauze üòä   |  SkinnyLove Testimonial
2I2TTCaqu4c,Slaapproblemen?Relax helpt!   |  SkinnyLove Testimonial
AoPefTO-STA,Jan -16kg op 10 weken tijd. ‚Ä¶ | SkinnyLove Testimonial
xKJYYK0bO_s,10 kg afgevallen dankzij SkinnyLove met de glimlach - deze man van 55 jaar is super blij|Testimonial
J86Qucl_cDc,Afvallen tijdens je menopauze ‚û°Ô∏è het kan perfect |  SkinnyLove Testimonial
8RQkHwvyHxw,Heidi valt af met skinnylove en wordt helemaal gezond. Geen slokdarmspasmen meer | Testimonial
jjBttbs9MwU,Hoe kun je nu de dag beter afsluiten of starten: een mooie getuigenis |  SkinnyLove Testimonial
o18LdVLaJRo,17 kilo afslanken op 8 weken - skinnyLove werkt! Dame op pensioen verteld! SkinnyLove Testimonials
IOG0XRXpQg8,J√ºrgen op 2 weken 6.4 kilo afgevallen met SkinnyLove   |  SkinnyLove Testimonial
zBgAJZdj0ik,J√ºrgen SkinnyLove min 9 kg  |  SkinnyLove Testimonial
8cBwW4T_msc,Candida albicans - blije SkinnyLove klant na 1 week gebruik |  SkinnyLove Testimonial
Yla44GBB5kg,J√ºrgen 25 kilo afgevallen met SkinnyLove |  SkinnyLove Testimonial
B0IZlAE1s3I,3 kilo afvallen op 10 dagen - Machteld verteld haar SkinnyLove verhaal |  SkinnyLove Testimonial
pcAxnVXONsM,Man met diabeet type 2 doet zijn verhaal van SkinnyLove  |  SkinnyLove Testimonial
PZYS5smQBD0,Na een halfjaar SkinnyLove voel ik me beter dan ooit! -  Ian Thomas |  SkinnyLove Testimonial
LzCbVDfNR3Y,Fibromyalgie pijnen |  SkinnyLove Testimonial
IkdyxCIhFXY,J√ºrgen is 17kg afgevallen in 71 dagen met SkinnyLove!  |  SkinnyLove Testimonial
KJ7SZ9sGz9Q,10 KILO LICHTER üò±üí™üëç op 2 maand in menopauze |  SkinnyLove Testimonial
qRqkQiOH_5A,Maagpijn? Family Defence van SkinnyLove helpt  |  SkinnyLove Testimonial
qDIo4p--pwY,"11 kilo afslanken met de glimlach, Shauni vertelt | SkinnyLove Testimonial"
J-aMGf_FL1Y,Obstipatie constipatie tips ‚û°Ô∏è Family defence is het droomproduct voor je darmflora | Testimonial
ZyWtn48Ny5E,Ian thomas 25kg afgevallen en behoud zijn gezond gewicht | SkinnyLove Testimonial
C1lTPInmWk8,SkinnyLove 60 jaar en 4 kilo afslanken op 1 maand | SkinnyLove Testimonial
DAoLkFPj5Zw,Skinnylove Family defence - constipatie - obstipatie | SkinnyLove Testimonial
xYxEQrdCOKU,11 kg afslanken met de glimlach | SkinnyLove Testimonial
5pWyAp65heY,Geen gewrichtspijnen meer  | SkinnyLove Testimonial
DxYVxpdbcZg,Min 24 kg in menopauze | SkinnyLove Testimonial
Cag9oTrgM3A,14 KG afgevallen en al 2 jaar slank en gezond | SkinnyLove Testimonial
lPdY845RDmw,58 kg afvallen | SkinnyLove Testimonial
eCuOjKOyjGI,Afslanken met Ian Thomas - 25 kg afgevallen | SkinnyLove Testimonial
nXZ6hnLh6Vw,Ian thomas 25kg afgevallen  | SkinnyLove Testimonial
so4loStuxsk,10 kg afslanken met SkinnyLove vetverbrandende koffie? | SkinnyLove Testimonial
V1X2XGL6Tuw,45 KG AFGEVALLEN en zonder moeite Sarah | SkinnyLove Testimonials
ZeMRJjzCesU,30 kg afslanken met Aster | SkinnyLove Testimonial
3xjJxL6-SvY,Vetverbrandende koffie fan | SkinnyLove Testimonial
obwyEhygBak,Afslank koffie? Kun je buikvet verbranden met een koffie? | SkinnyLove Testimonial
OnPI932zdOk,Hans en Dorien 5 jaar slank en gezond. Samen  40KG afgevallen. | SkinnyLove Testimonial
5bFFIebDVKw,5 kg afslanken met SkinnyLove | SkinnyLove Testimonial
b9AiazfSP1s,8KG afgevallen op 9 weken zonder honger | SkinnyLove Testimonial
fHUa7Sj3jM4,Doorslapen een slaapprobleem ? | Sleepdust Testimonial
38RA0IZpjyc,Diabeet Type 2 | SkinnyLove Testimonial
kfSRuq7RsLg,Afvallen op een gezonde manier - 16kg vermagerd.  | SkinnyLove Testimonial
y1Tvpp0P0VY,Karin op 58 jaar 6 kg afgevallen op 3 weken | SkinnyLove Testimonial
r2vgJIDt_us,Kan je van vapen bijkomen ? | SkinnyLove Testimonial
17dOSIoH6wI,Weg met cellulitis | SkinnyLove Testimonial
QKnuPvEPiT0,Karin 25kg afgevallen en ooit verslaafd aan ijsjes | SkinnyLove Testimonial
lAzmZLYYGsE,Chris 67 jaar - Geen psoriasis meer en 5 kg afvallen zonder moeite | SkinnyLove Testimonial
GIP8vfg7OHA,SkinnyLove werkt zonder stress - genieten &amp; afslanken met Sophie | SkinnyLove Testimonials
usnkVbWiJSs,9 KG afvallen zonder dieet en alles ervoor geprobeerd | SkinnyLove Testimonials
8swrDEX-L7Q,Afvallen in de menopauze | SkinnyLove Testimonials
aKBVI3tOqFg,9 kg afgevallen op 2 maanden - tevreden dame vertelt | SkinnyLove Testimonials
z_pbdNiRq9k,"Een gezonde stoelgang, hoe moet dat? | SkinnyLove Testimonials"
ybRywkKiAcA,8 kg afgevallen met 2 lepeltjes SkinnyLove | SkinnyLove Testimonials
VmEWEngPTbQ,"3 kg afvallen op 1 week, met de glimlach! | SkinnyLove Testimonials"
G0F7vpCwhQg,9 kg afgevallen tijdens Corona | SkinnyLove Testimonials
vaO9xQZEJX8,-20 kg afslanken op een rustige manier AngeÃÅlique vertelt! | SkinnyLove Testimonials
88f827CIbF4,Marie -23 kg als sinds drie jaar | SkinnyLove Testimonials
prdbcFVR_ww,77 kg afvallen? Deze 4 Ladies zijn op een gezonde manier vermagerd | SkinnyLove Testimonials
TfPoGXVMySY,Tessa 11kg afgevallen tijdens Corona EN 1 jaar gratis SkinnyLove gewonnenüëçüí™| SkinnyLove Testimonials
LH2Cy1J88O4,De gevaren van koolhydraatarm te leven #keto | SkinnyLove Testimonial
7myZPRtHWkk,Yannick 25kg afgevallen met 3 schepjes skinnylove | SkinnyLove Testimonial
IP3fUtw_Lp0,Koolhydraatarm dieet werkte niet voor mij! | SkinnyLove Testimonial
X3g9vN_NKqA,Sinds mijn tienerjaren altijd al last gehad van het jojo-effect | SkinnyLove Testimonial
89WkU7r-tq8,Geen overgewicht. Toch SkinnyLove. Ontdek op minder dan 1 minuut waarom | SkinnyLove Testimonial
aslUCPd2OQE,|k voelde me niet goed in mijn vel. Totaal onzeker... | SkinnyLove Testimonial
hAY0wm36Y1w,Diabetes sinds de leeftijd van 18 maanden. Nu stabiele suikerwaarden | SkinnyLove Testimonial
b1sS1xuYzBE,Op 6 maanden tijd.... heel wat gaatjes terug in mijn broeksriem | SkinnyLove Testimonial
2ISzMAs3FmE,Van meer dan 120 kilo naar super fit en super gelukkig | SkinnyLove Testimonial
IAFGZuxQzBM,The story of SkinnyLove | SkinnyLove Testimonial
PVJRFxzl6cs,Van veel meer dan 92 kilo naar maat SMALL! | SkinnyLove Testimonial
8KMI3TwxuUQ,78 jaar en 35kg afgevallen met Skinnylove | SkinnyLove Testimonial
jlfMFdfWegs,Tania is 7kg afgevallen op 2 maand | SkinnyLove Testimonial
x1QJ6TVl4zE,10kg afgevallen tijdens Corona üí™ | SkinnyLove Testimonial
rJLaDrfFl0c,Nick -31 kg - super snel afvallen | SkinnyLove Testimonial
i1oxuZQP_cM,Spastische darm resultaten met SkinnyLove | SkinnyLove Testimonial
rkh1auArbn0,Lies -8 kg afgevallen op 2 maand in Corona-tijd | SkinnyLove Testimonial
UNJqvSHoS_o,Diabeet type 2 gebruikt SkinnyLove en verteld over haar resultaat | SkinnyLove Testimonial
81iNxeVrohs,Nans -28 kg in Corona tijden | SkinnyLove Testimonial
YG4YyA9mszY,Clay 13 kg afgevallen en terug fit! | SkinnyLove Testimonial
nIyacHnXpBo,Sarah 45 kg afgevallen op 1 jaar - ze geeft al haar tips | SkinnyLove Testimonial
5JBLW7jEYFA,Marleen 30 kg afgevallen en levensgevaarlijk vet verbrand | SkinnyLove Testimonial
lHV9Ro_d9Es,Claudia -22kg en al 3 jaar slank &amp; gezond | SkinnyLove Testimonial
WrGFybH1uCg,Afslanken in corona tijden - Sarah  -45kg! | SkinnyLove Testimonial
NJYtg9COQ4k,Sabrina 56 kg al 3 jaar met SkinnyLove | SkinnyLove Testimonial
-OTnR3yIvxk,Gastric bypass en SkinnyLove hoe werkt dat | SkinnyLove Testimonial
lwEl7gL58Mo,-10 kg super gemakkelijk met SkinnyLove | SkinnyLove Testimonial
lxTrn4g59YE,Snel buikvet kwijt | SkinnyLove Testimonial
22MmEPD0ka4,Fibromyalgie pati√´nt is pijnvrij na zes dagen | Testimonial
i5OW9zFHmgw,-24 kg vermagerd met SkinnyLove | Testimonial
50zT8in2wjY,‚úÖMin 14kg in quarantaine | Testimonial
IqwZM29Urks,Fibromyalgie en toch pijnvrij | Testimonial
ME-lQjmyPZk,Geen psoriasis meer dankzij SkinnyLove | Testimonial
xPcReN3J5L0,Afvallen - Dame van 60 jaar  slankt 20kg af ! | Testimonial
OsMjDs8XQ70,Een schooljuffrouw die 31 kg is afgevallen | Testimonial
KyrSJRTKFhI,Kirsten | Testimonial
CMQmokLBqOY,Robby: &quot;Met SkinnyLove voel ik me veel fitter&quot; | Testimonial
E9i0qay3tCY,Petra: &quot;SkinnyLove is een super product.&quot; | Testimonial
COUrpsFD0oA,Nick: &quot;SkinnyLove is een investering in je lichaam en in je mind&quot; | Testimonial
2hTOAlQ_aCA,Charlotte is super tevreden van SkinnyLove | Testimonial
TxE08hZEGR4,Anna - 4 maten smaller met SkinnyLove | Testimonial
lhMfRbxKhSI,-9kg op 5 weken! | Testimonial
dd6binvuN6k,Slaap tekort? SleepDust WERKT| Sleepdust Testimonial
EE9ltDbwO40,Nick - 20KG in 100 dagen | Testimonial
SV39-G1kUAM,Gastric bypass of niet? | Testimonial
2l-KRIj4_Kk,SkinnyLove is ook halal | Testimonial
b79HDY7HKm4,Werkt SkinnyLove bij mannen? | Testimonial
_LhwoT6NIbU,Werkt SkinnyLove echt om te vermageren? En hoe! | Testimonial
2f_oR5fFzEg,Deze gebruikers zijn het eens: SkinnyLove doet je vermageren. | Testimonial
em3nW-UsQQ8,-5kg en een stralende huid | Testimonial
oDwJSguYeBI,Hoe verlies je 10kg zonder maaltijdvervangers en met veel te eten? | Testimonial
kom_Jcfmq5U,Anouk: (-9kg): Gewoon doen! | Testimonial
NGHfANx_UcA,Weg met de zwangerschapskilo‚Äôs! | Testimonial
6zrUFigC-PE,Hilde: -12kg! Geen maagpijn &amp; zuuroprispingen meer! | Testimonial
sZHbFo7ScFs,Sandra: -22kg! | Testimonial
uPRD-5uT9Aw,Positieve bloeddrukwaarden! | Testimonial
mSaKKkQVGGc,"Veerle: -4kg (gastric bypass, menopauze) | Testimonial"
nZdEqBQBdtQ,Inneke (horeca): &quot;Ik voel me veel beter&quot; | Testimonial
MFyFSv6yHnU,5 dagen -1.5kg Julie (22 jaar) | Testimonial
nvmTCaFjvac,Karoline: &quot;Voor het eerst in 10 jaar terug 8 uur kunnen slapen&quot;| Sleepdust Testimonial
FoFQG4bMAkc,Greet: -10Kg! | Testimonial
uKW44YPL34M,Rit &amp; Willy: samen -28kg! | Testimonial
8jwo0FPjx8I,-12kg! | Testimonial
JqCCQndT7zk,"10kg kwijt na 5 maanden (fybriomialgie, lupus) | Testimonial"
V18ioBlLVnk,Andrea from Denmark üá©üá∞ | Testimonial
ASo_IoxWt5M,Juf Ilse: Trotse mama van drie kids en goed vermagerd | Testimonial
sUustKLxrLg,Eczeem weg | Testimonial
Ppsg9IRFLKI,Marie -15kg | Testimonial
uyUcc-LO0gc,Vermageren - Diabetes type 2 | Testimonial
HYxC14tFHDY,Geen huiduitslag en Psoriasis meer | Testimonial
8As9K5hsz4U,Karen Damen loves SkinnyLove! | Testimonial
9Mt62X2FTLc,Sonja over SleepDust | Sleepdust Testimonial
x-qBpXUkJCI,Enkele Skinnylovers aan het woord | Testimonial
20h0NLD0P10,Margaretha&#39;s BMI: Van 41 naar 31! | Testimonial
CGiKJCo9o50,-31kg! | Testimonial
pSfqogbVv7k,Marie (-5kg) | Testimonial
07bE3kJKJ7M,Bianca (-9kg) | Testimonial
DcI3UyOAMK0,Inge : vermageren na een gastric bypass (-7kg) | Testimonial
Aw09PQVbAEI,-3 kg op 2 weken | Testimonial
BvxUbINtCKY,Robbie -8kg na twee kuren | Testimonial
GoMFWycADJI,"Katleen, mama van 2 kids, Prachtresultaat! | Testimonial"
1EgaWqxtKG4,Jorg en vriendin (-15kg!) | Testimonial
06BCaDfx_Gk,Mama Lesley (-8kg): ‚ÄúHet is zo gemakkelijk‚Äù | Testimonial
Fpej2YgVnf0,Katleen: -7 kg op 3 weken | Testimonial
6soeDKtploI,Elly (update 5) -9kg | Testimonial
JpeMaisoHu4,Karen Damen over SkinnyLove: &quot;Amai. Amai. Amai.&quot; | Testimonial
_WuxcyJl3nw,Lien motivatie | Testimonial
WiZwCYSCdOw,Mooi verhaal | Testimonial
vNeUgepLnTA,-9kg op 8 weken! | Testimonial
riMDWEnmO_g,Martine (-5kg na 1 maand): &quot;Nog nooit zo gemakkelijk&quot; | Testimonial
TTdnv4UK1vk,Nele: &quot;VOLHOUDEN en het resultaat komt&quot; | Testimonial
zKrgh64oZgE,Gewrichtspijn weg | Testimonial
A4ks3PZv0dk,Chantal (-4.5kg) Skinny‚ù§Ô∏è &#39;Eetpatroon veranderd&#39; | Testimonial
wtom4dxe__g,-4kg en GEEN hongergevoel meer. | Testimonial
iQIsszcPLk8,Topchef Nicolas (-20kg!) van Pasta Plezir! | Testimonial
7ek2dyDkWkI,Happy Eva: -4.5kg na 3 weken | Testimonial
b8_tF28SiUc,-10 kg op 6 weken | Testimonial
soc4HouX8Ms,Elly: SkinnyLove = Gewoon doen! | Testimonial
harzJPGdU_0,-5kg op 20 dagen | Testimonial
fXT5KFCrhT8,"-10kg na twee kuren, meer energie en betere nachtrust | Testimonial"
_t2e5LMBZcM,Natuurlijke hulp tegen Fibromyalgie | Testimonial
4kIJgAeXkFU,-14 kg dankzij SkinnyLove | Testimonial
_vdPcDfY2iA,Schildklierziekte &amp; diabetes type 1 | Testimonial
lbg3us0Us1U,Dubbel goed nieuws met special guest Ivan Verschueren | Testimonial
GkV5bG4x-bI,Moeilijk vermageren met SkinnyLove? | Testimonial
4J4UdmcrzHo,-5.5kg met 1 kuur SkinnyLove | Testimonial
sQ6CtwYwoWo,Dorien&#39;s story: Stoppen met roken en vermageren | Testimonial
GmQqtQV9pYg,-21kg op 3 maand met Skinnylove | Testimonial
mhYqjqrFA7g,-3.1kg op 3 dagen - testimonial van Alain Indria Skinnylove
DET15Vz5GME,Persoonlijke getuigenis van Yvan | Testimonial
fGmrEp9tL7Q,SkinnyLove - 100% natuurlijk en gezond vermageren zonder honger | Testimonial
soM2if54Qpk,-20 op 3 maand SkinnyLove | Testimonial
3np5IQICtb8,-4 kg op 4 weken | Testimonial
tA_6ld4OHxE,Kim -11kg | Testimonial
keeITE8quQE,-16kg  | Testimonial
WMwkHY3bcwE,Man is 8kg vermagerd in 3 weken | Testimonial
4tdcti_FAc8,- 10kg op 9 weken | Testimonial
mA4SPmxMOZQ,Hypoglycaemie | Testimonial
PWozsK8nYvU,-3.5 kg met 1 kuur Skinnylove | Testimonial
_qzQSFc-C7U,Vermageren met SkinnyLove | Testimonial
KAZSbHCwGlA,Willem Dafoe in Lombardia | Testimonial
zDlOE31Zl4M,Sting enjoys GingerLove | Testimonial
